dimension,backend,method,number_of_particles,median_seconds,lower_quartile_seconds,upper_quartile_seconds
2,cpu,Optimized JAX,100,8.674000000041815e-05,8.141950000606357e-05,0.00010595550000402909
2,cpu,Optimized JAX,300,0.00020037400000205707,0.00017899399999521393,0.00020935199999883025
2,cpu,Optimized JAX,1000,0.0008893380000074558,0.00084519500001079,0.0009308954999909247
2,cpu,Optimized JAX,3000,0.0024971419999815225,0.0024143054999967717,0.002659143500011396
2,cpu,Optimized JAX,10000,0.006246446999995214,0.006203145499995344,0.006401860500005796
2,cpu,Optimized JAX,30000,0.01668662200000881,0.016595005500008142,0.01680779300001234
2,cpu,Optimized JAX,100000,0.06847228000000882,0.06797706599999742,0.06907080499999552
2,cpu,Adrien JAX,100,0.00022909000000481683,0.00022735849999833135,0.00023399449999317312
2,cpu,Adrien JAX,300,0.000452041000016834,0.0004340475000077504,0.00046372750000500673
2,cpu,Adrien JAX,1000,0.001614678000009917,0.0014336724999850503,0.001688806000004206
2,cpu,Adrien JAX,3000,0.004306367999987515,0.004219556000009561,0.004507763999995973
2,cpu,Adrien JAX,10000,0.011777349999988473,0.011644455999999082,0.011827279499996735
2,cpu,Adrien JAX,30000,0.03358562900001516,0.03239191149999954,0.034267924499999936
2,cpu,Adrien JAX,100000,0.11427276900002425,0.1136040040000097,0.11461451049997606
2,cpu,Particles Numba (CPU),100,0.00032563000002028275,0.00031657199998846863,0.0003288264999952162
2,cpu,Particles Numba (CPU),300,0.0008225440000160233,0.0008186315000102695,0.0008235134999949878
2,cpu,Particles Numba (CPU),1000,0.0021823470000015277,0.002175661999999079,0.0021925555000024133
2,cpu,Particles Numba (CPU),3000,0.006072242000016104,0.006045563500009621,0.006097726500001954
2,cpu,Particles Numba (CPU),10000,0.01951502399998617,0.019429592999998135,0.019556312999981174
2,cpu,Particles Numba (CPU),30000,0.058064106000017546,0.057964831500001424,0.05812645200001043
2,cpu,Particles Numba (CPU),100000,0.19238734900000054,0.1922296784999986,0.1925500300000067
2,gpu,Optimized JAX,100,0.0005961930000353277,0.0005729939999810085,0.0006130369999937102
2,gpu,Optimized JAX,300,0.0005582470000149442,0.00054238850003685,0.0005703194999853167
2,gpu,Optimized JAX,1000,0.0006376229999887073,0.0006138395000050423,0.0006520100000102502
2,gpu,Optimized JAX,3000,0.0006555289999710112,0.0006372809999959372,0.0006685164999851168
2,gpu,Optimized JAX,10000,0.0007552229999987503,0.000737213999997266,0.0007674120000160656
2,gpu,Optimized JAX,30000,0.0008155159999887474,0.0008128690000148708,0.0008496634999914932
2,gpu,Optimized JAX,100000,0.0010317219999933513,0.0010118820000286632,0.0010352820000321117
2,gpu,Adrien JAX,100,0.004401915000016743,0.004394541500005289,0.004444382499968924
2,gpu,Adrien JAX,300,0.00450061399999413,0.004433698000042341,0.004506829500002141
2,gpu,Adrien JAX,1000,0.0044551099999807775,0.0044285004999835564,0.004521795500011194
2,gpu,Adrien JAX,3000,0.0045982439999647795,0.004549480500003256,0.004648028500014334
2,gpu,Adrien JAX,10000,0.004883926999980304,0.0048538590000077875,0.004890302500001553
2,gpu,Adrien JAX,30000,0.004849817000035728,0.004829960999984451,0.0048816230000170435
2,gpu,Adrien JAX,100000,0.005152823999992506,0.005114557500007777,0.005627996000015401
2,gpu,Particles Numba (CPU),100,0.00032563000002028275,0.00031657199998846863,0.0003288264999952162
2,gpu,Particles Numba (CPU),300,0.0008225440000160233,0.0008186315000102695,0.0008235134999949878
2,gpu,Particles Numba (CPU),1000,0.0021823470000015277,0.002175661999999079,0.0021925555000024133
2,gpu,Particles Numba (CPU),3000,0.006072242000016104,0.006045563500009621,0.006097726500001954
2,gpu,Particles Numba (CPU),10000,0.01951502399998617,0.019429592999998135,0.019556312999981174
2,gpu,Particles Numba (CPU),30000,0.058064106000017546,0.057964831500001424,0.05812645200001043
2,gpu,Particles Numba (CPU),100000,0.19238734900000054,0.1922296784999986,0.1925500300000067
5,cpu,Optimized JAX,100,9.997399996564127e-05,9.401249997154082e-05,0.00011886249998838139
5,cpu,Optimized JAX,300,0.00022561900004802737,0.00017078900000910835,0.0002462480000247069
5,cpu,Optimized JAX,1000,0.000550812999961181,0.0005419800000083796,0.0005600949999688964
5,cpu,Optimized JAX,3000,0.001325038000004497,0.001225218499996572,0.001333801499981746
5,cpu,Optimized JAX,10000,0.004292005999957382,0.004043608499983975,0.004330353499966577
5,cpu,Optimized JAX,30000,0.013025631000004978,0.012845325499995397,0.01371569599999134
5,cpu,Optimized JAX,100000,0.04444026499999154,0.04347100050000563,0.04521644949997494
5,cpu,Adrien JAX,100,0.00016263800000615447,0.00015649049998955888,0.00018495899999493304
5,cpu,Adrien JAX,300,0.00033393600000408696,0.0003242690000035964,0.00034832250000249587
5,cpu,Adrien JAX,1000,0.0011625750000234802,0.0011566800000082367,0.0011760264999907122
5,cpu,Adrien JAX,3000,0.003105783000023621,0.0030680695000171454,0.0031255099999896174
5,cpu,Adrien JAX,10000,0.009072765000041727,0.008811295000015207,0.00918429349999883
5,cpu,Adrien JAX,30000,0.02751085099998818,0.027472813499969106,0.02769271299999332
5,cpu,Adrien JAX,100000,0.0945220400000153,0.09414202749999845,0.09499565550001421
5,cpu,Particles Numba (CPU),100,0.00022126599998273377,0.00021531749999326166,0.0002365015000123094
5,cpu,Particles Numba (CPU),300,0.0005086510000182898,0.0005001649999769597,0.0005168274999789446
5,cpu,Particles Numba (CPU),1000,0.00137005900000986,0.0013664329999869551,0.0013784129999976358
5,cpu,Particles Numba (CPU),3000,0.0035682330000099682,0.0035658595000143123,0.003583461999994597
5,cpu,Particles Numba (CPU),10000,0.011489874000005784,0.011454311999983702,0.011549169500028711
5,cpu,Particles Numba (CPU),30000,0.03400560199997926,0.033889778999991904,0.03409734000001663
5,cpu,Particles Numba (CPU),100000,0.11278462699999636,0.11241922700000373,0.11295145150000963
5,gpu,Optimized JAX,100,0.0003365440000493436,0.00032112799999595154,0.00034877849998338206
5,gpu,Optimized JAX,300,0.0004382909999662843,0.0003900714999929278,0.00046282249999762826
5,gpu,Optimized JAX,1000,0.00037448299997322465,0.00035609100001465777,0.0003798034999817901
5,gpu,Optimized JAX,3000,0.00043662100000574355,0.0004216840000026423,0.0004440270000145574
5,gpu,Optimized JAX,10000,0.0005067729999836956,0.0004970149999792284,0.0005164439999703063
5,gpu,Optimized JAX,30000,0.0005464120000056027,0.0005419590000030894,0.0005616519999875891
5,gpu,Optimized JAX,100000,0.0006050270000059754,0.0005992965000132244,0.0006097339999939777
5,gpu,Adrien JAX,100,0.0031073669999841513,0.003075301499990246,0.003171955499993828
5,gpu,Adrien JAX,300,0.0031293170000026294,0.0030991880000215133,0.0031462669999768877
5,gpu,Adrien JAX,1000,0.0031435259999739174,0.003138799500021605,0.0032116350000137572
5,gpu,Adrien JAX,3000,0.0032449459999952524,0.003226518999980499,0.003283525500023643
5,gpu,Adrien JAX,10000,0.003479392000031112,0.003445064499999262,0.003528595999995332
5,gpu,Adrien JAX,30000,0.003572235000035562,0.0035518434999914916,0.0036817024999891146
5,gpu,Adrien JAX,100000,0.003886254999997618,0.0038111915000058616,0.004067252499993401
5,gpu,Particles Numba (CPU),100,0.00022126599998273377,0.00021531749999326166,0.0002365015000123094
5,gpu,Particles Numba (CPU),300,0.0005086510000182898,0.0005001649999769597,0.0005168274999789446
5,gpu,Particles Numba (CPU),1000,0.00137005900000986,0.0013664329999869551,0.0013784129999976358
5,gpu,Particles Numba (CPU),3000,0.0035682330000099682,0.0035658595000143123,0.003583461999994597
5,gpu,Particles Numba (CPU),10000,0.011489874000005784,0.011454311999983702,0.011549169500028711
5,gpu,Particles Numba (CPU),30000,0.03400560199997926,0.033889778999991904,0.03409734000001663
5,gpu,Particles Numba (CPU),100000,0.11278462699999636,0.11241922700000373,0.11295145150000963
10,cpu,Optimized JAX,100,6.174100002453997e-05,6.0872499972219885e-05,8.635800000433846e-05
10,cpu,Optimized JAX,300,0.00018105399999512883,0.00015383999999585285,0.00018517149999297544
10,cpu,Optimized JAX,1000,0.00045536099997889323,0.00044411849998482467,0.00047966149998046603
10,cpu,Optimized JAX,3000,0.001446412000007058,0.0013919294999880094,0.0014846480000301199
10,cpu,Optimized JAX,10000,0.0039442800000415446,0.0037865980000333366,0.003988151000015705
10,cpu,Optimized JAX,30000,0.012120856000024105,0.012107248000035042,0.012288247000014962
10,cpu,Optimized JAX,100000,0.042022268000039276,0.04123942850000617,0.043686825000008866
10,cpu,Adrien JAX,100,0.00015259500003139692,0.00013559800001416988,0.000162406499981671
10,cpu,Adrien JAX,300,0.0003026080000267939,0.00029707699999903525,0.00031086000001323555
10,cpu,Adrien JAX,1000,0.0011524070000064057,0.001111030499998833,0.0011573450000241792
10,cpu,Adrien JAX,3000,0.002729503000011846,0.00271442999996907,0.0028408035000211385
10,cpu,Adrien JAX,10000,0.008584933999998157,0.008559160499999052,0.008788854500011212
10,cpu,Adrien JAX,30000,0.02653555699998833,0.02636933400000885,0.026928032000000712
10,cpu,Adrien JAX,100000,0.09567304199998716,0.09140014300001553,0.0967926010000042
10,cpu,Particles Numba (CPU),100,0.00019378799999003604,0.0001884635000237722,0.00019991799999274917
10,cpu,Particles Numba (CPU),300,0.00040541900000334863,0.00040391950000184806,0.00041942150002682865
10,cpu,Particles Numba (CPU),1000,0.0011427509999748509,0.0011378144999980577,0.0011443880000285844
10,cpu,Particles Numba (CPU),3000,0.0029165380000222285,0.002909289499996248,0.002928420499983986
10,cpu,Particles Numba (CPU),10000,0.00921193400000675,0.009181846499984658,0.009274306000008892
10,cpu,Particles Numba (CPU),30000,0.02747414300000628,0.027436600000015687,0.02751078550002717
10,cpu,Particles Numba (CPU),100000,0.09282335300002842,0.09271027850002156,0.09337856799999145
10,gpu,Optimized JAX,100,0.00027305200001137564,0.0002538399999707508,0.00028279500000394364
10,gpu,Optimized JAX,300,0.0002477959999964696,0.00024203550000834184,0.00027143949998276184
10,gpu,Optimized JAX,1000,0.000294351999968967,0.00027629249998994965,0.00031089950002183286
10,gpu,Optimized JAX,3000,0.0003733759999704489,0.00037035500002957633,0.00037532150000174624
10,gpu,Optimized JAX,10000,0.00038214200003494625,0.0003753409999944779,0.00039642949997187316
10,gpu,Optimized JAX,30000,0.0004510520000167162,0.00044396399999868663,0.0004774419999762358
10,gpu,Optimized JAX,100000,0.0005550500000026659,0.000547658500011039,0.0005607649999888054
10,gpu,Adrien JAX,100,0.002586923000023944,0.002561871499977997,0.0025961634999873695
10,gpu,Adrien JAX,300,0.0025073329999827365,0.002494401000006974,0.002522690000006378
10,gpu,Adrien JAX,1000,0.0025518090000105076,0.0025354680000191365,0.0025695989999690028
10,gpu,Adrien JAX,3000,0.002675320999969699,0.0026271554999937052,0.002732148500030007
10,gpu,Adrien JAX,10000,0.0028359059999729652,0.0028009489999760717,0.0028447445000097105
10,gpu,Adrien JAX,30000,0.0030015099999900485,0.002876966999991737,0.0030529169999908845
10,gpu,Adrien JAX,100000,0.003188847000046735,0.0031690504999914992,0.0034198730000127853
10,gpu,Particles Numba (CPU),100,0.00019378799999003604,0.0001884635000237722,0.00019991799999274917
10,gpu,Particles Numba (CPU),300,0.00040541900000334863,0.00040391950000184806,0.00041942150002682865
10,gpu,Particles Numba (CPU),1000,0.0011427509999748509,0.0011378144999980577,0.0011443880000285844
10,gpu,Particles Numba (CPU),3000,0.0029165380000222285,0.002909289499996248,0.002928420499983986
10,gpu,Particles Numba (CPU),10000,0.00921193400000675,0.009181846499984658,0.009274306000008892
10,gpu,Particles Numba (CPU),30000,0.02747414300000628,0.027436600000015687,0.02751078550002717
10,gpu,Particles Numba (CPU),100000,0.09282335300002842,0.09271027850002156,0.09337856799999145
30,cpu,Optimized JAX,100,0.00010605399995711196,8.540600001083476e-05,0.00012388249999162326
30,cpu,Optimized JAX,300,0.0002316460000315601,0.00022610199997075142,0.00025146799998765346
30,cpu,Optimized JAX,1000,0.0007036729999754243,0.0006922009999925649,0.0007407060000161891
30,cpu,Optimized JAX,3000,0.0014409599999680722,0.0014189259999852766,0.0014999294999995527
30,cpu,Optimized JAX,10000,0.004580097999962618,0.004479062500024611,0.00472121050000851
30,cpu,Optimized JAX,30000,0.013178344999971614,0.013143411500010416,0.013586704000005057
30,cpu,Optimized JAX,100000,0.045697137999979986,0.044972691499992834,0.04600032449999958
30,cpu,Adrien JAX,100,0.00012111800003822282,0.0001164409999887539,0.00014749799998980961
30,cpu,Adrien JAX,300,0.0003116849999855731,0.00030543650001391143,0.00031905800000231466
30,cpu,Adrien JAX,1000,0.0010607410000034179,0.0010112399999968602,0.0011226945000260002
30,cpu,Adrien JAX,3000,0.0024941429999785214,0.0023161364999850775,0.002568881499996678
30,cpu,Adrien JAX,10000,0.007153200000004745,0.0069711740000002465,0.007185173999999961
30,cpu,Adrien JAX,30000,0.023081841000021086,0.022083604499982812,0.0233484654999927
30,cpu,Adrien JAX,100000,0.10773110799999586,0.1052952224999899,0.1097631055000079
30,cpu,Particles Numba (CPU),100,0.00018182000002298082,0.00017579199996475836,0.00020426900002235016
30,cpu,Particles Numba (CPU),300,0.0003976350000129969,0.00038977150001073824,0.0004053650000059861
30,cpu,Particles Numba (CPU),1000,0.0011458700000162025,0.0011329065000040828,0.0011517740000215326
30,cpu,Particles Numba (CPU),3000,0.0029640220000146655,0.0029592475000015384,0.002973968000020477
30,cpu,Particles Numba (CPU),10000,0.009183192999955736,0.009124447499999633,0.009206928000025982
30,cpu,Particles Numba (CPU),30000,0.028213967999988654,0.02791392850002694,0.02829358849999153
30,cpu,Particles Numba (CPU),100000,0.10825033499997971,0.10752142100000128,0.10900165200001766
30,gpu,Optimized JAX,100,0.00017954300000155854,0.00015707250000218664,0.00021605800000656927
30,gpu,Optimized JAX,300,0.00020015799998418515,0.00019347650001577676,0.00021675499999673775
30,gpu,Optimized JAX,1000,0.00023887699995839284,0.0002171234999934768,0.0002491939999913484
30,gpu,Optimized JAX,3000,0.0003253729999528332,0.0003176669999902515,0.00033825799999931405
30,gpu,Optimized JAX,10000,0.0003600720000349611,0.0003509080000014819,0.00038756300000386545
30,gpu,Optimized JAX,30000,0.0004187630000274112,0.00041418999998654726,0.00045658700003059494
30,gpu,Optimized JAX,100000,0.0005743419999930666,0.0005624690000161081,0.0005957449999698383
30,gpu,Adrien JAX,100,0.0013271059999624413,0.0013224199999797293,0.001328634999993028
30,gpu,Adrien JAX,300,0.001433663999989676,0.0014161434999948597,0.001451816499979941
30,gpu,Adrien JAX,1000,0.001432311000030495,0.001381624000003967,0.0014408085000070514
30,gpu,Adrien JAX,3000,0.0014611459999969156,0.0014493724999908864,0.0014707214999987173
30,gpu,Adrien JAX,10000,0.0015860060000250087,0.0015552325000101064,0.001617707000008295
30,gpu,Adrien JAX,30000,0.0016836549999652561,0.001663099000040802,0.001702887500016459
30,gpu,Adrien JAX,100000,0.0020253650000086054,0.002004213000020627,0.0021521460000144543
30,gpu,Particles Numba (CPU),100,0.00018182000002298082,0.00017579199996475836,0.00020426900002235016
30,gpu,Particles Numba (CPU),300,0.0003976350000129969,0.00038977150001073824,0.0004053650000059861
30,gpu,Particles Numba (CPU),1000,0.0011458700000162025,0.0011329065000040828,0.0011517740000215326
30,gpu,Particles Numba (CPU),3000,0.0029640220000146655,0.0029592475000015384,0.002973968000020477
30,gpu,Particles Numba (CPU),10000,0.009183192999955736,0.009124447499999633,0.009206928000025982
30,gpu,Particles Numba (CPU),30000,0.028213967999988654,0.02791392850002694,0.02829358849999153
30,gpu,Particles Numba (CPU),100000,0.10825033499997971,0.10752142100000128,0.10900165200001766
60,cpu,Optimized JAX,100,0.00011045299999068448,0.00010101600000211874,0.00012344450001933183
60,cpu,Optimized JAX,300,0.00029816400001436705,0.0002880154999900242,0.0003143534999878739
60,cpu,Optimized JAX,1000,0.0007176560000061727,0.000696119999986422,0.0007477094999899236
60,cpu,Optimized JAX,3000,0.0016028590000018994,0.001592473499982816,0.0016566249999812044
60,cpu,Optimized JAX,10000,0.00521749600000021,0.0050066179999816995,0.0052954089999843745
60,cpu,Optimized JAX,30000,0.016359801000021434,0.015664642500013315,0.018248780999954306
60,cpu,Optimized JAX,100000,0.061907105999978285,0.06103359100001171,0.06247994200001017
60,cpu,Adrien JAX,100,0.00020729199997049363,0.00020475600001645944,0.0002915664999818546
60,cpu,Adrien JAX,300,0.00042927200001940946,0.0004105714999980137,0.00045346150000113994
60,cpu,Adrien JAX,1000,0.0008549389999643608,0.0008478990000071462,0.0009230475000094884
60,cpu,Adrien JAX,3000,0.0018730520000076467,0.0017626894999693832,0.0019127980000064326
60,cpu,Adrien JAX,10000,0.0056610699999737335,0.005390110499973844,0.005807767999982616
60,cpu,Adrien JAX,30000,0.01859167200001366,0.0185187110000129,0.01904006649999701
60,cpu,Adrien JAX,100000,0.07935085000002573,0.07789911449998499,0.08020162250002727
60,cpu,Particles Numba (CPU),100,0.0002149790000203211,0.00020841599999243954,0.0002318590000243148
60,cpu,Particles Numba (CPU),300,0.0004682189999698494,0.00045916450000049736,0.00047389600001679355
60,cpu,Particles Numba (CPU),1000,0.001396471000020938,0.0013939800000173364,0.0014009625000142023
60,cpu,Particles Numba (CPU),3000,0.0038288289999854896,0.003770260999999664,0.0038690135000081227
60,cpu,Particles Numba (CPU),10000,0.013187404999996488,0.012994511000016473,0.013548597999999856
60,cpu,Particles Numba (CPU),30000,0.045426424000027055,0.04539590299998508,0.045793164999992086
60,cpu,Particles Numba (CPU),100000,0.21918833099999802,0.2186970949999818,0.21924883899998804
60,gpu,Optimized JAX,100,0.00018337000000201442,0.0001694685000188656,0.0001973910000288015
60,gpu,Optimized JAX,300,0.00020553900003505987,0.0001974340000003849,0.00020929800001567855
60,gpu,Optimized JAX,1000,0.00017786099999739235,0.0001665204999881098,0.0001963084999943021
60,gpu,Optimized JAX,3000,0.00027014500000177577,0.0002584734999970806,0.0002832744999921033
60,gpu,Optimized JAX,10000,0.00033980000000610744,0.0003145009999911963,0.000359191499995859
60,gpu,Optimized JAX,30000,0.00042850099998759106,0.00041644050000400057,0.00044981699997492797
60,gpu,Optimized JAX,100000,0.0005787700000041696,0.0005742925000049581,0.0005924809999839908
60,gpu,Adrien JAX,100,0.0008366710000018429,0.0008128865000003316,0.0008519044999957259
60,gpu,Adrien JAX,300,0.0008239150000122208,0.0008198069999991731,0.0008467295000116337
60,gpu,Adrien JAX,1000,0.0008579530000361046,0.0008538884999893526,0.0008873155000230781
60,gpu,Adrien JAX,3000,0.0009492340000178956,0.0009452214999896569,0.000952206499988506
60,gpu,Adrien JAX,10000,0.0010987580000119124,0.0010976654999979019,0.0011188144999891847
60,gpu,Adrien JAX,30000,0.0011058649999995396,0.0011045104999709565,0.001118265499997051
60,gpu,Adrien JAX,100000,0.0014321759999802453,0.0014199709999900278,0.0014457335000201965
60,gpu,Particles Numba (CPU),100,0.0002149790000203211,0.00020841599999243954,0.0002318590000243148
60,gpu,Particles Numba (CPU),300,0.0004682189999698494,0.00045916450000049736,0.00047389600001679355
60,gpu,Particles Numba (CPU),1000,0.001396471000020938,0.0013939800000173364,0.0014009625000142023
60,gpu,Particles Numba (CPU),3000,0.0038288289999854896,0.003770260999999664,0.0038690135000081227
60,gpu,Particles Numba (CPU),10000,0.013187404999996488,0.012994511000016473,0.013548597999999856
60,gpu,Particles Numba (CPU),30000,0.045426424000027055,0.04539590299998508,0.045793164999992086
60,gpu,Particles Numba (CPU),100000,0.21918833099999802,0.2186970949999818,0.21924883899998804
