sequence,distribution,dimension,n,backend,order,input_sha256,input_generation_seconds,first_call_seconds,samples_seconds,median_seconds,q25_seconds,q75_seconds
sobol,normal,2,128,cpu,0,ba02110def833f457b3a8777ae6d50a361ddb2e61fac2908a27aaf982f6c9024,2.35500276699986,0.2609088129997872,"[0.00012419600034263567, 0.00013945799992143293, 0.0001143699996646319, 9.656200018071104e-05, 9.588000011717668e-05, 0.00010409300011815503, 9.539500024402514e-05, 9.391999992658384e-05, 9.324399979959708e-05, 9.316800014858018e-05]",9.622100014894386e-05,9.428875000594417e-05,0.00011180074977801269
sobol,normal,2,128,gpu,1,ba02110def833f457b3a8777ae6d50a361ddb2e61fac2908a27aaf982f6c9024,2.35500276699986,0.5641252460000032,"[0.0007153779997679521, 0.0007437409999511146, 0.0008510220000061963, 0.0006513759999506874, 0.0006143589998828247, 0.0006135600001471175, 0.0005986370001664909, 0.0005944380000073579, 0.000602360999891971, 0.000577437000174541]",0.0006139595000149711,0.0005995680000978609,0.000699377499813636
sobol,normal,2,256,gpu,0,abcdcfddae54634377017e4cd9590d33d5d451cb39f408c3453e0833fc46bc62,0.9622168569999303,0.48910461700006636,"[0.0005599770001936122, 0.0005990330000713584, 0.0005474129998219723, 0.0005603399999927205, 0.0005337109996617073, 0.0005515510001714574, 0.0005266699999992852, 0.0005441260000225157, 0.0005233730003055825, 0.0005555740003728715]",0.0005494819999967149,0.0005363147497519094,0.000558876250238427
sobol,normal,2,256,cpu,1,abcdcfddae54634377017e4cd9590d33d5d451cb39f408c3453e0833fc46bc62,0.9622168569999303,0.2308112800001254,"[0.0001774150000528607, 0.00015993899978639092, 0.0001748080003380892, 0.00015621000011378783, 0.000148034000176267, 0.0001543950002087513, 0.00014608199990107096, 0.0001453869999750168, 0.00014513799987980747, 0.00016112000002976856]",0.00015530250016126956,0.00014656999996986997,0.00016082474996892415
sobol,normal,2,512,cpu,0,2e076ca292e495972119f2d9b1bbb477678250a20caf80aa2f6d4f8e8e5cc12d,0.9773688029999903,0.2339777239999421,"[0.0002920530000665167, 0.00028993699970669695, 0.0002922460002992011, 0.00028067899984307587, 0.0002855559996532975, 0.0002787270000226272, 0.0002849249999599124, 0.00027637899984256364, 0.0002800540000862384, 0.00028418699957910576]",0.00028455599976950907,0.00028021025002544775,0.0002888417496933471
sobol,normal,2,512,gpu,1,2e076ca292e495972119f2d9b1bbb477678250a20caf80aa2f6d4f8e8e5cc12d,0.9773688029999903,0.5371257020001394,"[0.0005676730002051045, 0.0005395170001065708, 0.0005558279999604565, 0.0005432480002127704, 0.0005525699998543132, 0.0005320540003594942, 0.0005639330001940834, 0.0005315009998412279, 0.000543896000181121, 0.0005484129997057607]",0.0005461544999434409,0.0005404497501331207,0.0005550134999339207
sobol,normal,2,2048,gpu,0,567a13886a50fbd70bf894c5d16388e5098e875a41edcb79b65917b8fc48c2ad,0.9994409300002189,0.7136412410000048,"[0.0006125239997345489, 0.0006274890001805034, 0.0006293350002124498, 0.0006195250002747343, 0.0006132869998509705, 0.0005900500000279862, 0.0005772299996351649, 0.0006032500000401342, 0.0005900969999856898, 0.0005945520001660043]",0.0006078869998873415,0.0005912107500307684,0.0006179655001687934
sobol,normal,2,2048,cpu,1,567a13886a50fbd70bf894c5d16388e5098e875a41edcb79b65917b8fc48c2ad,0.9994409300002189,0.29332656199994744,"[0.001594115999978385, 0.0015556230000584037, 0.001569515000028332, 0.001549960999909672, 0.0014789749998271873, 0.0015254900004038063, 0.00156251099997462, 0.0015500210001846426, 0.0014780000001337612, 0.0015206480002234457]",0.0015499910000471573,0.0015218585002685359,0.001560788999995566
sobol,normal,2,8192,cpu,0,21eebed97d70822de6791e97a9d67092cbe307b73b1ced2d4a874f7daab3347e,1.1502382880003097,0.2896219869999186,"[0.0050395399998706125, 0.004835050000110641, 0.005050786000083463, 0.005036204000134603, 0.004857728999922983, 0.0048731679999036714, 0.004806755000117846, 0.005191721000301186, 0.005008271999940916, 0.005215504999796394]",0.00502223800003776,0.004861588749918155,0.00504797450003025
sobol,normal,2,8192,gpu,1,21eebed97d70822de6791e97a9d67092cbe307b73b1ced2d4a874f7daab3347e,1.1502382880003097,0.8158042209997802,"[0.0007263070001499727, 0.0007419789999403292, 0.0007602079999742273, 0.0007427919999827282, 0.0007376389999080857, 0.0007425429998875188, 0.0007381509999504487, 0.0007418059999508841, 0.000731487999928504, 0.0007123199998204655]",0.0007399784999506664,0.0007330257499233994,0.0007424019999007214
sobol,normal,2,32768,gpu,0,e94e96e9f6670eea1ef1d979f6542f109074a2ee66a05392eaee348d7f6d7070,1.2204928510000173,0.8413790209997387,"[0.0007630969998899673, 0.000786704999882204, 0.0007791029997861187, 0.0007771020000291173, 0.0008007820001694199, 0.0007782920001773164, 0.0008008009999684873, 0.0008065510000960785, 0.0008134009999594127, 0.0007853199999772187]",0.0007860124999297113,0.000778494750079517,0.0008007962500187205
sobol,normal,2,32768,cpu,1,e94e96e9f6670eea1ef1d979f6542f109074a2ee66a05392eaee348d7f6d7070,1.2204928510000173,0.27762824100000216,"[0.017297975000019505, 0.018194757000401296, 0.01826986099968053, 0.017439964999994118, 0.017632940999646962, 0.018070224999974016, 0.017956486999992194, 0.018214994000118168, 0.020990376999634464, 0.018045905999770184]",0.0180580654998721,0.01771382749973327,0.01820993475018895
sobol,normal,5,128,cpu,0,59ca693689048a88fc3fbe4375f15c596c09c8e0f74b50802a2a8f74dc19e121,1.8636292870000943,0.23089567799979704,"[0.00011276899977019639, 0.00013436300014291191, 9.351900007459335e-05, 8.495700012645102e-05, 8.523899987267214e-05, 8.677499999976135e-05, 8.353200018973439e-05, 8.396500015805941e-05, 8.402899993598112e-05, 8.59140000102343e-05]",8.557649994145322e-05,8.42609999835986e-05,9.183300005588535e-05
sobol,normal,5,128,gpu,1,59ca693689048a88fc3fbe4375f15c596c09c8e0f74b50802a2a8f74dc19e121,1.8636292870000943,0.4727108579995729,"[0.0003854400001728209, 0.0003917989997717086, 0.0003728780002347776, 0.0003610459998526494, 0.000377637999918079, 0.0003630230003182078, 0.00035219800020058756, 0.000374854000256164, 0.00036273499972594436, 0.0003600820000428939]",0.0003679505002764927,0.00036146824982097314,0.00037694200000260025
sobol,normal,5,256,gpu,0,6c44da5d3ec59cb7154e519b351da4f8b42b01babb17a684697103c347c7cfeb,0.9924487339999359,0.5544728039999427,"[0.00031111000043893, 0.00032195599987971946, 0.0003376310000930971, 0.00030901999980414985, 0.00033375099974364275, 0.0003544159999364638, 0.0003124570002910332, 0.0003076630000578007, 0.00032652200025040656, 0.0003134600001430954]",0.0003177080000114074,0.0003114467504019558,0.0003319437498703337
sobol,normal,5,256,cpu,1,6c44da5d3ec59cb7154e519b351da4f8b42b01babb17a684697103c347c7cfeb,0.9924487339999359,0.2367649929997242,"[0.0001634670002204075, 0.0001496439999755239, 0.00016798800015749293, 0.0001460330004192656, 0.0002213340003436315, 0.0001505270001871395, 0.00013521199980459642, 0.0001818470000216621, 0.00020107999989704695, 0.00018304400009583333]",0.00016572750018895022,0.0001498647500284278,0.00018274475007729052
sobol,normal,5,512,cpu,0,5591402db19305b326128ec88b7ad531b6758a9ebf5e51067eb0c24fd116e8f7,1.0060960069999965,0.23565845699977217,"[0.0002663710001797881, 0.0002824569996846549, 0.0002582930001153727, 0.0002451810000820842, 0.00021772300033262582, 0.0002441990000079386, 0.00025665400016805506, 0.0002449630001137848, 0.0002532660000724718, 0.00024830900019878754]",0.00025078750013562967,0.00024501750010585965,0.0002578832501285433
sobol,normal,5,512,gpu,1,5591402db19305b326128ec88b7ad531b6758a9ebf5e51067eb0c24fd116e8f7,1.0060960069999965,0.515595986000335,"[0.0003305169998384372, 0.0003362620000189054, 0.0003859969997392909, 0.00036846300008619437, 0.0004274100001566694, 0.00035838800022247597, 0.00035187000003134017, 0.00036342600014904747, 0.00034850500014727004, 0.00032500299994353554]",0.00035512900012690807,0.00033932275005099655,0.00036720375010190764
sobol,normal,5,2048,gpu,0,683021f3bc7c62ee26f6d32002e9a9dc94bfbdb8ca7b25ec368acff5b0d3ddcb,1.0480227749999358,0.7163252380000813,"[0.00040898599991123774, 0.00038688200038450304, 0.0004196790000605688, 0.000394452999898931, 0.0003813820003415458, 0.00038471099969683564, 0.00038389500014091027, 0.00039700900015304796, 0.0003797529998337268, 0.0003851050000776013]",0.00038599350023105217,0.0003840990000298916,0.0003963700000895187
sobol,normal,5,2048,cpu,1,683021f3bc7c62ee26f6d32002e9a9dc94bfbdb8ca7b25ec368acff5b0d3ddcb,1.0480227749999358,0.23224651199961954,"[0.0009104360001401801, 0.0008762850002312916, 0.0008623710000392748, 0.0008816999998089159, 0.0008942709996517806, 0.0008866970001690788, 0.0009487180000178341, 0.0009137189999819384, 0.0009334540000054403, 0.0009404410002389341]",0.0009023534998959803,0.0008829492498989566,0.0009285202499995648
sobol,normal,5,8192,cpu,0,ad69739a60fd2519ff40bcf4bbb7f720bc69b13a8766f1b12de391f7ad5142a2,1.1634873009998046,0.2586247029998958,"[0.0032741300001362106, 0.003267735999997967, 0.003189087999999174, 0.003276856000411499, 0.0032674840003892314, 0.003271524999945541, 0.0031884800000625546, 0.0031958909999048046, 0.003200079000180267, 0.0033120410002993594]",0.0032676100001935993,0.0031969379999736702,0.003273478750088543
sobol,normal,5,8192,gpu,1,ad69739a60fd2519ff40bcf4bbb7f720bc69b13a8766f1b12de391f7ad5142a2,1.1634873009998046,0.7486957289997918,"[0.00046020199988561217, 0.0005043630003456201, 0.000450999999884516, 0.00045240800000101444, 0.00045984499956830405, 0.0004836079997403431, 0.0004631020001397701, 0.0004538550001598196, 0.00046269099993878626, 0.0004347799999777635]",0.0004600234997269581,0.00045276975004071573,0.00046299925008952414
sobol,normal,5,32768,gpu,0,30a2dc8d8da3c7651b57c9db7de41a211bf4f045f4de2334031720604d37340b,1.186328144000072,0.7742189089999556,"[0.0005245050001576601, 0.0005399450001277728, 0.0005357410000215168, 0.0005246870000519266, 0.0005243949999567121, 0.0005124560002514045, 0.000514625000050728, 0.0005106249996060797, 0.000517025000135618, 0.0005132559999765363]",0.0005207100000461651,0.0005135982499950842,0.00052464150007836
sobol,normal,5,32768,cpu,1,30a2dc8d8da3c7651b57c9db7de41a211bf4f045f4de2334031720604d37340b,1.186328144000072,0.2677999219999947,"[0.013234245000148803, 0.012945892000061576, 0.013421174999621144, 0.013868984000055207, 0.01272666799968647, 0.013111510999806342, 0.013138207999872975, 0.012873229999968316, 0.013196377999975084, 0.012785226999767474]",0.013124859499839658,0.012891395499991631,0.013224778250105373
sobol,normal,10,128,cpu,0,d7f098b845b573e134d1f80d88f1c09bd96c9c8ec7da56b6322504dd3c45d25f,1.981539917000191,0.2510192959998676,"[9.821300000112387e-05, 8.191000006263494e-05, 7.731699997748365e-05, 8.277599999928498e-05, 0.0004320749999351392, 9.30619999053306e-05, 0.00010307000002285349, 8.123199995679897e-05, 8.647399999972549e-05, 7.504399991375976e-05]",8.462499999950523e-05,8.140149998325796e-05,9.692524997717555e-05
sobol,normal,10,128,gpu,1,d7f098b845b573e134d1f80d88f1c09bd96c9c8ec7da56b6322504dd3c45d25f,1.981539917000191,0.4993724350001685,"[0.0003286710002612381, 0.0003115230001640157, 0.00029839499984518625, 0.00031055299996296526, 0.0002911139999923762, 0.00030089699976088013, 0.00031403299999510637, 0.0002941490001830971, 0.0002936549999503768, 0.0002884159998757241]",0.0002996459998030332,0.0002937785000085569,0.0003112805001137531
sobol,normal,10,256,gpu,0,758c85f5a3d859b17e3a48fb013154168bbf5253d45ef5b042e5d7de5a2583cf,1.0775585940000383,0.5113993300001312,"[0.0002972800002680742, 0.0003067110001211404, 0.0003163850001328683, 0.00029029999996055267, 0.0002944249999927706, 0.00027784300027633435, 0.0002794310003082501, 0.0002758979999271105, 0.00027810399978989153, 0.000300182000046334]",0.00029236249997666164,0.00027843574991948117,0.00029945650010176905
sobol,normal,10,256,cpu,1,758c85f5a3d859b17e3a48fb013154168bbf5253d45ef5b042e5d7de5a2583cf,1.0775585940000383,0.24173875299993597,"[0.00015957799996613176, 0.0001699209997241269, 0.0001457710000067891, 0.0007456250000359432, 0.00016869699993549148, 0.00013192599999456434, 0.00018272599982083193, 0.0001337580001745664, 0.00013862199966752087, 0.00013025699990976136]",0.00015267449998646043,0.00013497400004780502,0.00016961499977696803
sobol,normal,10,512,cpu,0,b8c2d9ec81583f63605c56bc8e941a971b901012aef311d5144228587ae3e42e,1.1363429429998178,0.22104814099975556,"[0.00025810300030570943, 0.0002470289996381325, 0.00025647499978731503, 0.00025106300017796457, 0.0002498939998076821, 0.00023461799992219312, 0.0003276689999438531, 0.00026016299989350955, 0.0002575839998826268, 0.0002916099997491983]",0.0002570294998349709,0.00025018624990025273,0.0002596479999965595
sobol,normal,10,512,gpu,1,b8c2d9ec81583f63605c56bc8e941a971b901012aef311d5144228587ae3e42e,1.1363429429998178,0.5446560940004019,"[0.0002799740000227757, 0.00027947999979005544, 0.00030574299989893916, 0.00026481399982003495, 0.0002631190000101924, 0.0002536430001782719, 0.0002785860001495166, 0.00026124200030608336, 0.0002547830004004936, 0.00026179000042247935]",0.00026396649991511367,0.00026137900033518235,0.00027925649987992074
sobol,normal,10,2048,gpu,0,49f97a7b9bd0475f2980743dfdf469b3756096abbd340edd919fad32f305e8d8,1.2180903889998262,0.7017902250004227,"[0.0003377750003892288, 0.0003472769999461889, 0.0003828300000350282, 0.0003251829998589528, 0.00031384299973069574, 0.00039226699982464197, 0.0005438999996840721, 0.0004870739999205398, 0.0004469290001907211, 0.000458739999885438]",0.0003875484999298351,0.0003401505002784688,0.0004557872499617588
sobol,normal,10,2048,cpu,1,49f97a7b9bd0475f2980743dfdf469b3756096abbd340edd919fad32f305e8d8,1.2180903889998262,0.24090461200012214,"[0.0009756110002854257, 0.0010767969997687032, 0.001076710999768693, 0.0008783709999988787, 0.0009399149998898793, 0.0010186000004068774, 0.0008281229997919581, 0.0009064949999810779, 0.0008616869999968912, 0.0009109120001085103]",0.0009254134999991948,0.0008854019999944285,0.0010078527503765145
sobol,normal,10,8192,cpu,0,0bea50bfc13bcbe3e7dfab5fb86e9eaacbb174368f0fcad764235f65430da85e,1.2918022579997341,0.23734230699983527,"[0.003208444999927451, 0.0031841210002312437, 0.0031480039997404674, 0.003077859000313765, 0.00321098999984315, 0.003001773000050889, 0.0031489999996665574, 0.003239636999751383, 0.0032117509999807226, 0.003053403000194521]",0.0031665604999489005,0.0030953952501704407,0.0032103537498642254
sobol,normal,10,8192,gpu,1,0bea50bfc13bcbe3e7dfab5fb86e9eaacbb174368f0fcad764235f65430da85e,1.2918022579997341,0.7241876099997171,"[0.0003906970000571164, 0.0004293609999876935, 0.0004388190000099712, 0.00042409999969095225, 0.00041373700014446513, 0.000415243000134069, 0.0004247479996593029, 0.0004183330001978902, 0.00042305300030420767, 0.00043065499994554557]",0.00042357649999757996,0.0004160155001500243,0.00042820774990559585
sobol,normal,10,32768,gpu,0,93feb325bd769473a430805d3d5894feba157adba635c882085b7feb28c553d3,1.3463688219999312,0.8184074409996356,"[0.0004673889998230152, 0.0004955909998898278, 0.0004911920000267855, 0.00046868999970683944, 0.00047947499979272834, 0.0004652160000659933, 0.0004653229998439201, 0.00047966000011001597, 0.000464502999875549, 0.0004714819997388986]",0.000470085999722869,0.0004658394998386939,0.00047961375003069406
sobol,normal,10,32768,cpu,1,93feb325bd769473a430805d3d5894feba157adba635c882085b7feb28c553d3,1.3463688219999312,0.23724058700008754,"[0.01354219099994225, 0.012195187000088481, 0.012243832999956794, 0.012376866000067821, 0.012899470999855112, 0.012484019000112312, 0.012312401999679423, 0.01227138800004468, 0.012351032000424311, 0.012558260000332666]",0.012363949000246066,0.012281641499953366,0.012539699750277578
sobol,normal,30,128,cpu,0,257856e32ba9c2724b34fde1c0bcdcd0a4eb58644d76af86fe9479c693322861,2.0223959049999394,0.24139876300023388,"[0.00011966300007770769, 0.00011285700020380318, 0.000109413000245695, 9.516000000076019e-05, 9.546199999022065e-05, 9.394600010637078e-05, 9.991399974751403e-05, 9.448999981032102e-05, 9.838999994826736e-05, 9.335899994766805e-05]",9.6925999969244e-05,9.465749985793082e-05,0.00010703825012114976
sobol,normal,30,128,gpu,1,257856e32ba9c2724b34fde1c0bcdcd0a4eb58644d76af86fe9479c693322861,2.0223959049999394,0.4732999719999498,"[0.00024088800000754418, 0.0002507879999029683, 0.0002409459998489183, 0.00023609800018675742, 0.00023400500003845082, 0.00023083299993231776, 0.00024493899991284707, 0.00022978100014370284, 0.0002484000001459208, 0.00023194200002762955]",0.0002384930000971508,0.00023245775003033486,0.00024394074989686487
sobol,normal,30,256,gpu,0,97115ce980ca97d156929444c7a2e0bdc12f09ebb532e089b42139d44587eb68,1.139221459000055,0.5120044209998014,"[0.00023099500003809226, 0.00022666400036541745, 0.0002424770000288845, 0.00021667700002581114, 0.00022343399996316293, 0.0002100500000778993, 0.0002055810000456404, 0.00024864200031515793, 0.0002233150003121409, 0.00021027499997217092]",0.00022337450013765192,0.00021187549998558097,0.00022991225011992356
sobol,normal,30,256,cpu,1,97115ce980ca97d156929444c7a2e0bdc12f09ebb532e089b42139d44587eb68,1.139221459000055,0.2122061590002886,"[0.0001990430000660126, 0.00017289799961872632, 0.00016406599979745806, 0.00016320299982908182, 0.00027176000003237277, 0.00030239900024753297, 0.0002258959998471255, 0.00020782199999302975, 0.0001993820001189306, 0.0002162539999517321]",0.00020360200005598017,0.0001794342497305479,0.00022348549987327715
sobol,normal,30,512,cpu,0,1f46a521b5ef4c25dc17ef07224f045fef6155565c9253cc882fc8298969b9c2,1.2025012230001266,0.21211096499973792,"[0.0003243000001020846, 0.0003519399997458095, 0.0003348059999552788, 0.00031922500011205557, 0.00033020000000760774, 0.00029969400020490866, 0.0002926980000665935, 0.0003247459999329294, 0.00029811300009896513, 0.00029236699992907234]",0.0003217625001070701,0.000298508250125451,0.00032883649998893816
sobol,normal,30,512,gpu,1,1f46a521b5ef4c25dc17ef07224f045fef6155565c9253cc882fc8298969b9c2,1.2025012230001266,0.5371645989998797,"[0.00020830800031035324, 0.0002210799998465518, 0.0002710700000534416, 0.0002634009997564135, 0.00026724700001068413, 0.0002702629999475903, 0.0002496259999134054, 0.00022977800017542904, 0.00025290200028393883, 0.00025572699996700976]",0.0002543145001254743,0.00023474000010992313,0.0002662854999471165
sobol,normal,30,2048,gpu,0,628983bd9c4fc62107762ac8637eba98244865017e15ec5c8b63ab98cb97e6f9,1.3799193209997611,0.7162598600002639,"[0.0002900470003623923, 0.0003025450000677665, 0.0003001400000357535, 0.00029617200016218703, 0.00027636499999061925, 0.00027407099969423143, 0.0002840349998223246, 0.0002847400000973721, 0.000274171999990358, 0.0002715890000217769]",0.00028438749995984836,0.0002747202499904233,0.00029464075021223834
sobol,normal,30,2048,cpu,1,628983bd9c4fc62107762ac8637eba98244865017e15ec5c8b63ab98cb97e6f9,1.3799193209997611,0.2352807889997166,"[0.0010002330000133952, 0.0011493940000946168, 0.0010890070002460561, 0.001125880000017787, 0.0011712600003193074, 0.0009820949999266304, 0.0010577019997981552, 0.0009923459997480677, 0.0009971929998755513, 0.00110850200007917]",0.0010733545000221056,0.0009979529999100123,0.0011215355000331328
sobol,normal,30,8192,cpu,0,f406792c26c8e60c9cfd71f1ffe0def18b8c90d4d705368490175ae568520550,1.3236745069998506,0.40061821099970985,"[0.0033806729998104856, 0.003503064999677008, 0.003309375999833719, 0.003235152000343078, 0.0035929629998463497, 0.003467635000106384, 0.003472077999958856, 0.003409682999972574, 0.003496954000183905, 0.00339211200025602]",0.003438659000039479,0.0033835327499218693,0.0034907350001276427
sobol,normal,30,8192,gpu,1,f406792c26c8e60c9cfd71f1ffe0def18b8c90d4d705368490175ae568520550,1.3236745069998506,0.7653636709997045,"[0.0003318650001347123, 0.0003983139999945706, 0.0003484379999463272, 0.0003471599998192687, 0.0003368350003256637, 0.00033365800027240766, 0.0003389729999980773, 0.00033525699973324663, 0.00033213200003956445, 0.000337035000029573]",0.00033693500017761835,0.0003340577501376174,0.00034511324986397085
sobol,normal,30,32768,gpu,0,f104193ea1af982c10b6746eec08f03d93f2025685b9d93bdd033ad1acc8fee7,1.3928411060001054,0.7631959679997635,"[0.0004119300001548254, 0.00046479699994961265, 0.00044898899977852125, 0.0004465530000743456, 0.00042458200005057734, 0.00043214300012550666, 0.000425867000103608, 0.00043104899987156386, 0.000426863000029698, 0.00042445600001883577]",0.00042895599995063094,0.000424903250063835,0.0004429505000871359
sobol,normal,30,32768,cpu,1,f104193ea1af982c10b6746eec08f03d93f2025685b9d93bdd033ad1acc8fee7,1.3928411060001054,0.24019516499993188,"[0.01273799999989933, 0.013075960000151099, 0.012082196999926964, 0.012967970000318019, 0.012849182000081782, 0.0129092879997188, 0.012888635999843245, 0.012835136999910901, 0.01211188100023719, 0.012780543000189937]",0.012842159499996342,0.012748635749971982,0.01290412499974991
sobol,normal,60,128,cpu,0,8b25cafa0a1b6391a93201274f76d8e8018b91a5740a17bff3723fc4a943d9c7,2.04402798000001,0.1814276800000698,"[0.0001349320000372245, 0.000146480000239535, 0.00012456100012059323, 0.00013130700017427444, 0.0001233140001204447, 0.00012199899992992869, 0.00012192999975013663, 0.00012078600002496387, 0.00012129700007790234, 0.00013286400007928023]",0.00012393750012051896,0.00012194724979508464,0.00013247475010302878
sobol,normal,60,128,gpu,1,8b25cafa0a1b6391a93201274f76d8e8018b91a5740a17bff3723fc4a943d9c7,2.04402798000001,0.4268421390002004,"[0.00015955499975461862, 0.00015996000001905486, 0.0001955650000127207, 0.00021015199990870315, 0.00016775599988250178, 0.000165392000326392, 0.00016129000005093985, 0.00015846199994484778, 0.00015630999996574246, 0.00020744299990838044]",0.00016334100018866593,0.00015965624982072768,0.00018861274998016597
sobol,normal,60,256,gpu,0,22f608994157ea09a2d43e7ba6731c529bb830b032732518478eae05571863c1,1.0808519710003566,0.4344602979999763,"[0.0002053510002042458, 0.0002146530000572966, 0.000195644999621436, 0.00019509799994921195, 0.00018017399997916073, 0.00018380700021225493, 0.00017661199990470777, 0.0001696869999250339, 0.0001750960000208579, 0.00016783999990366283]",0.00018199050009570783,0.00017547499999182037,0.00019550824970338
sobol,normal,60,256,cpu,1,22f608994157ea09a2d43e7ba6731c529bb830b032732518478eae05571863c1,1.0808519710003566,0.1640254589997312,"[0.0002542899997024506, 0.00025856799993562163, 0.00024739299988141283, 0.00024567699983890634, 0.0002308590001121047, 0.00023504899991166894, 0.00022926899964659242, 0.00022873199986861437, 0.0002341210001759464, 0.000220066000110819]",0.00023458500004380767,0.0002296664997629705,0.0002469639998707862
sobol,normal,60,512,cpu,0,bc887baf19d16d808b94cfe4d3e066c456436216a8c056484686a4c7fc2e2541,1.1013852379996933,0.16526870500001678,"[0.0005350540000108595, 0.0005129370001668576, 0.0005054009998275433, 0.00048581900000499445, 0.0004987279999113525, 0.0004756660000566626, 0.000494139000238647, 0.0005126340001879726, 0.0005256200001895195, 0.00047406199973920593]",0.0005020644998694479,0.0004878990000634076,0.0005128612501721364
sobol,normal,60,512,gpu,1,bc887baf19d16d808b94cfe4d3e066c456436216a8c056484686a4c7fc2e2541,1.1013852379996933,0.509209712000029,"[0.0002129399999830639, 0.000247305999891978, 0.00024427100015600445, 0.00021376499989855802, 0.00021537300017371308, 0.00020068399999217945, 0.00020136300008744001, 0.00019910199989681132, 0.0001992110001083347, 0.0001910700002554222]",0.00020715150003525196,0.0001995792500792959,0.00021497100010492431
sobol,normal,60,2048,gpu,0,d1f053c504fe1b3608cc98c3c9645806affedda4dc328aef83e8e86948a6d27b,1.231200023999918,0.6899146119999386,"[0.0002523339999243035, 0.0002816340002027573, 0.0002810830001180875, 0.0002810589999171498, 0.0002470159997756127, 0.0002449869998599752, 0.00026752199983093305, 0.0002599690001261479, 0.00024245099984909757, 0.0002491189998181653]",0.0002561515000252257,0.0002475417497862509,0.0002776747498955956
sobol,normal,60,2048,cpu,1,d1f053c504fe1b3608cc98c3c9645806affedda4dc328aef83e8e86948a6d27b,1.231200023999918,0.1806792120000864,"[0.001324915000168403, 0.001251652000064496, 0.00140203199998723, 0.001361929999802669, 0.0013541909997911716, 0.0012590390001605556, 0.0012619019998965086, 0.001389036000091437, 0.0013486610000654764, 0.001272139000320749]",0.0013367880001169397,0.0012644612500025687,0.0013599952497997947
sobol,normal,60,8192,cpu,0,e247f35b011c19921dfef24515763352424e6e229878c8d69f7f586197e997c8,1.2630798539998978,0.17049068699998315,"[0.004258864999883372, 0.0056258889999298844, 0.0041197079999619746, 0.0039555469998049375, 0.003844091000246408, 0.004229427000154828, 0.0038110189998405986, 0.004191211000033945, 0.003804708000188839, 0.004199618000257033]",0.00415545949999796,0.0038719550001360403,0.0042219747501803795
sobol,normal,60,8192,gpu,1,e247f35b011c19921dfef24515763352424e6e229878c8d69f7f586197e997c8,1.2630798539998978,0.6708860310000091,"[0.00029020700003457023, 0.00033063199998650816, 0.0003578740002012637, 0.0003417999996599974, 0.00031452400025955285, 0.0002979630003210332, 0.0002942559999610239, 0.0002880030001506384, 0.0002929279999079881, 0.0003092990000368445]",0.00030363100017893885,0.00029325999992124707,0.00032660500005476933
sobol,normal,60,32768,gpu,0,7c4b3c75ad2be06b7f4180bd3de0577d4b52588d737f2cd94ff253cff8066bba,1.3410843130000103,0.7787216749998151,"[0.00042772000006152666, 0.0004777740000463382, 0.0004729649999717367, 0.00045954899997013854, 0.00046269399990706006, 0.0004524870000750525, 0.0004529649995674845, 0.00047344499989776523, 0.0004479609997360967, 0.0004699669998444733]",0.0004611214999385993,0.0004526064999481605,0.00047221549993992085
sobol,normal,60,32768,cpu,1,7c4b3c75ad2be06b7f4180bd3de0577d4b52588d737f2cd94ff253cff8066bba,1.3410843130000103,0.18094502100029786,"[0.01651764199959871, 0.016302092999922024, 0.016551853000237315, 0.018177018000187672, 0.016944083999987924, 0.015346839999892836, 0.01673787599975185, 0.015642402000139555, 0.017075831000056496, 0.01516172599986021]",0.016534747499918012,0.015807324750085172,0.016892531999928906
halton,normal,2,128,cpu,0,caa56592d440c4cd7517c7718f7cc838983c56ade149b0dcdc4315d7e0de4476,1.7162671910000427,0.0002524300002733071,"[9.97930001176428e-05, 9.555199994792929e-05, 9.242199985237676e-05, 8.908299969334621e-05, 8.80939996932284e-05, 8.904900005290983e-05, 8.959499973570928e-05, 9.832800014919485e-05, 9.373200009576976e-05, 0.0001025050000862393]",9.307699997407326e-05,8.921099970393698e-05,9.763400009887846e-05
halton,normal,2,128,gpu,1,caa56592d440c4cd7517c7718f7cc838983c56ade149b0dcdc4315d7e0de4476,1.7162671910000427,0.0008425640003224544,"[0.0005331080001269584, 0.0005501299997376918, 0.000537157000053412, 0.000543617999937851, 0.0005247169997346646, 0.000531973000306607, 0.0005293200001688092, 0.000525566999840521, 0.0005238369999460701, 0.0005301999999574036]",0.0005310865001320053,0.0005265052499225931,0.0005361447500717986
halton,normal,2,256,gpu,0,296a7e41f77a8f1f518073a09da41268cf906ec248ef89ac0dfa53da9ee6e941,0.31150783199973375,0.0010842270003195154,"[0.0005446720001600625, 0.0005494800002452394, 0.0005184880001252168, 0.0005317379996085947, 0.0005166609998923377, 0.0005217339999035175, 0.0005175230003260367, 0.0005247289996077598, 0.0005652599998029473, 0.0005400629997893702]",0.0005282334996081772,0.000519299500069792,0.0005435197500673894
halton,normal,2,256,cpu,1,296a7e41f77a8f1f518073a09da41268cf906ec248ef89ac0dfa53da9ee6e941,0.31150783199973375,0.0003442719998929533,"[0.00014946800001780502, 0.0001716199999464152, 0.00015312599998651422, 0.0001475019998906646, 0.00014706599995406577, 0.00014898800009177648, 0.0001484829999753856, 0.00016213099979722756, 0.00015047599981699022, 0.00014758699990125024]",0.00014922800005479075,0.00014781099991978408,0.00015246349994413322
halton,normal,2,512,cpu,0,49349b6bef63f047b4dc4578e8c3c399a615eda1fa4ceabce3b7296a5baca37c,0.3208238080001138,0.0004987729998902068,"[0.0002847729997483839, 0.00027592100013862364, 0.0002878729997064511, 0.0002838709997377009, 0.00027563999992707977, 0.0002854169997590361, 0.00027326500003255205, 0.00028350299999146955, 0.0002757680003924179, 0.000333165000029112]",0.00028368699986458523,0.0002758062503289693,0.00028525599975637306
halton,normal,2,512,gpu,1,49349b6bef63f047b4dc4578e8c3c399a615eda1fa4ceabce3b7296a5baca37c,0.3208238080001138,0.0009906400000545545,"[0.0006552529998771206, 0.0006415259999812406, 0.0006656349996774225, 0.0006452580000768648, 0.0006303039999693283, 0.0006596299999728217, 0.000650914000289049, 0.00063911500001268, 0.00064580800017211, 0.0006444999999075662]",0.0006455330001244874,0.000642269499962822,0.0006541682499801027
halton,normal,2,2048,gpu,0,05f43945ed90b763ebdf6e632a26f6c9f416db61d6639a46962a0765fdb5ab37,0.3161017930001435,0.0008569759997953952,"[0.0006066149999242043, 0.0006287920000431768, 0.0006193989997882454, 0.000583369999731076, 0.0005966759999864735, 0.0005793129998892255, 0.0006077829998503148, 0.000587269000334345, 0.0005867169998055033, 0.0005883879998691555]",0.0005925319999278145,0.0005868549999377137,0.0006074909998687872
halton,normal,2,2048,cpu,1,05f43945ed90b763ebdf6e632a26f6c9f416db61d6639a46962a0765fdb5ab37,0.3161017930001435,0.0019357380001565616,"[0.0015830620000087947, 0.0016525770001862838, 0.0015418749999298598, 0.0016208240003834362, 0.0015537809999841556, 0.0015166230000431824, 0.0015907970000625937, 0.001652131000355439, 0.0015528220001215232, 0.0015817590001461213]",0.001582410500077458,0.0015530617500871813,0.0016133172503032256
halton,normal,2,8192,cpu,0,18aca84fa55b67aba72479c029abb6bf1d367b06adc15095979a920938aa0e14,0.31676146700010577,0.0051819659997818235,"[0.004903571999875567, 0.004867359999934706, 0.004830155000036029, 0.004962107999745058, 0.004778889999670355, 0.004953611000019009, 0.004805629000202316, 0.004876183999840578, 0.004920908999793028, 0.004932887999984814]",0.004889877999858072,0.004839456250010699,0.0049298932499368675
halton,normal,2,8192,gpu,1,18aca84fa55b67aba72479c029abb6bf1d367b06adc15095979a920938aa0e14,0.31676146700010577,0.001111153999772796,"[0.0006428520000554272, 0.0006784019997212454, 0.0007239390001814172, 0.0006730189998052083, 0.0006856959998913226, 0.0006555519998983073, 0.0006483070001195301, 0.0006748169998900266, 0.0006587640000361716, 0.0006466419999924256]",0.00066589149992069,0.0006501182500642244,0.0006775057497634407
halton,normal,2,32768,gpu,0,841e82ad10004ab3eba03aa0e2f108a40c9b34c6fc9726d2761710aef65c2a58,0.3301993009999933,0.0012417620000633178,"[0.0007717359999332984, 0.0007984290000422334, 0.0007957329999044305, 0.0007881070000621548, 0.0007895950002421159, 0.0007873139998082479, 0.0008018619996619236, 0.0008007619999261806, 0.0007935879998512974, 0.0007919230001789401]",0.0007927555000151187,0.0007884790001071451,0.0007977550000077827
halton,normal,2,32768,cpu,1,841e82ad10004ab3eba03aa0e2f108a40c9b34c6fc9726d2761710aef65c2a58,0.3301993009999933,0.018547647000104917,"[0.017837574000168388, 0.017841399000189995, 0.017494586999873718, 0.017606921999686165, 0.017452062999836926, 0.017738762999670143, 0.017700883000088652, 0.017892520999794215, 0.01801301000023159, 0.017794194000089192]",0.017766478499879668,0.017630412249786787,0.017840442750184593
halton,normal,5,128,cpu,0,0d99c3c2fa72589c6d3a3c58ec9968f4476db486b527414cbd2a251ec3d7bfa9,2.4968149119999907,0.0003841390002889966,"[0.00025009899991346174, 0.00013330799993127584, 0.0001223610001943598, 0.00011278800002401113, 0.00013489799994204077, 0.00011574399968594662, 0.00011551599982340122, 0.00012270899969735183, 0.00011288099994999357, 0.00011525599984452128]",0.00011905249994015321,0.00011532099983924127,0.00013065824987279484
halton,normal,5,128,gpu,1,0d99c3c2fa72589c6d3a3c58ec9968f4476db486b527414cbd2a251ec3d7bfa9,2.4968149119999907,0.000700493000294955,"[0.0003291739999440324, 0.000373195000065607, 0.00034297100000912906, 0.00034158900007241755, 0.00037947200007693027, 0.0003501770002003468, 0.00034027399988190155, 0.00031248200002664817, 0.0003270150000389549, 0.0004770489999827987]",0.0003422800000407733,0.0003319489999284997,0.00036744050009929197
halton,normal,5,256,gpu,0,408dbe0e93cda56dd863b668fd1add5e59da00713b9db6bb028667d83b672355,0.49157554400017034,0.0006225960000847408,"[0.0003746370002772892, 0.0003610889998526545, 0.000337049999870942, 0.00035055599983024877, 0.0003302780000922212, 0.00033601199993427144, 0.0003493159997560724, 0.0003474899999673653, 0.0003370379999978468, 0.00034839299996747286]",0.0003479414999674191,0.0003370409999661206,0.0003502459998117047
halton,normal,5,256,cpu,1,408dbe0e93cda56dd863b668fd1add5e59da00713b9db6bb028667d83b672355,0.49157554400017034,0.0003144789998259512,"[0.0001398149997839937, 0.00016576799998802016, 0.00021920600011071656, 0.00021416100025817286, 0.0002164379998248478, 0.00018320999970455887, 0.00015835100020922255, 0.0001375049996568123, 0.000142290999974648, 0.00013892599963583052]",0.00016205950009862136,0.00014043399983165727,0.00020642325011976936
halton,normal,5,512,cpu,0,aac80c339038a9a434265bc04cb0f952e82571f14bae34a9c99e61e3f330ba72,0.49851355200007674,0.0003936170000997663,"[0.0003776049998123199, 0.00033233800013476866, 0.0003011839999089716, 0.000276288999884855, 0.0003150140000798274, 0.00030803699974057963, 0.0003262110003561247, 0.00035343999979886576, 0.00032119099978444865, 0.00030586599996240693]",0.000318102499932138,0.0003064087499069501,0.0003308062501901077
halton,normal,5,512,gpu,1,aac80c339038a9a434265bc04cb0f952e82571f14bae34a9c99e61e3f330ba72,0.49851355200007674,0.0005947989998276171,"[0.00029500700020435033, 0.0002924890000031155, 0.0003243689998271293, 0.0003550149999682617, 0.0003067289999307832, 0.0003334120001454721, 0.0002926819997810526, 0.00027267299992672633, 0.00029879999965487514, 0.0002996299999722396]",0.00029921499981355737,0.000293263249886877,0.00031995899985304277
halton,normal,5,2048,gpu,0,2e4df536dccf0658b4cc9cd2ce3db9c3a9b9aeb4bfd5f2dea544bc9ea603ae00,0.4883675729997776,0.0007104269998308155,"[0.00037804700014021364, 0.0003923479998775292, 0.0004083160001755459, 0.00038986800018392387, 0.0003810779999184888, 0.000389019000067492, 0.0003757039999072731, 0.00037378300021373434, 0.00037307299999156385, 0.00037460400017153006]",0.0003795625000293512,0.0003748790001054658,0.0003896557501548159
halton,normal,5,2048,cpu,1,2e4df536dccf0658b4cc9cd2ce3db9c3a9b9aeb4bfd5f2dea544bc9ea603ae00,0.4883675729997776,0.0010952610000458662,"[0.0008756180000091263, 0.0008708349996595643, 0.0008732820001569053, 0.0008999720002975664, 0.0008979970002656046, 0.0008739090003473393, 0.0008698550000190153, 0.0009693769998193602, 0.0008705679997547122, 0.0009602919999451842]",0.0008747635001782328,0.0008714467497838996,0.000899478250289576
halton,normal,5,8192,cpu,0,1b379f84d8ab29c19dd25484e96d36bcce70db6e85114abb31573bb36bb78a8c,0.5018682039999476,0.003400788999897486,"[0.0032205060001615493, 0.0033868719997371954, 0.003308322000066255, 0.003371688999777689, 0.0033176840001942765, 0.0033800750002228597, 0.0032820100000208186, 0.003357662000325945, 0.0032884340002965473, 0.0032443279997096397]",0.0033130030001302657,0.0032836160000897507,0.003368182249914753
halton,normal,5,8192,gpu,1,1b379f84d8ab29c19dd25484e96d36bcce70db6e85114abb31573bb36bb78a8c,0.5018682039999476,0.0009042130000125326,"[0.0004262249999555934, 0.0004399590002321929, 0.0004586830000334885, 0.0004384799999570532, 0.0004544650000752881, 0.0004331110003477079, 0.0004308699999455712, 0.0004328689997237234, 0.00047504499980277615, 0.00043633400036924286]",0.00043740700016314804,0.0004329294998797195,0.0004508385001145143
halton,normal,5,32768,gpu,0,63bbd89e7135d2e6f3e655cc17f95db56424994d8741a77a6ad29cac4fb06539,0.5034205060001113,0.0011135409999951662,"[0.0005125330003465933, 0.0005348889999368112, 0.0005206470000302943, 0.0005202100001042709, 0.000522244999956456, 0.0005167680001250119, 0.0005185280001569481, 0.0005198730000302021, 0.0005198800004109216, 0.0005086739997750556]",0.0005198765002205619,0.000517208000132996,0.0005205377500487884
halton,normal,5,32768,cpu,1,63bbd89e7135d2e6f3e655cc17f95db56424994d8741a77a6ad29cac4fb06539,0.5034205060001113,0.013881800000035582,"[0.013598205000107555, 0.013219152999681683, 0.0132659999999305, 0.013307734000136406, 0.013393344000178331, 0.01351506299988614, 0.013176655000279425, 0.013418080000064947, 0.013166894000278262, 0.013189788999625307]",0.013286867000033453,0.013197129999639401,0.013411896000093293
halton,normal,10,128,cpu,0,fe6b5290a8ebb54d94abccfc5f23c46ffd770765ec834eb6a0b1d0a0f2701d9b,3.0958138230002987,0.00022098399995229556,"[7.851299960748293e-05, 7.640500007255469e-05, 7.31999998606625e-05, 7.314399999813759e-05, 7.228799995573354e-05, 7.815300023139571e-05, 7.40640002732107e-05, 7.387799996649846e-05, 7.215200002974598e-05, 7.380099987130961e-05]",7.383949991890404e-05,7.315799996376882e-05,7.581975012271869e-05
halton,normal,10,128,gpu,1,fe6b5290a8ebb54d94abccfc5f23c46ffd770765ec834eb6a0b1d0a0f2701d9b,3.0958138230002987,0.0005484909997903742,"[0.0002383710002504813, 0.0002587459998721897, 0.00026787199976752163, 0.00024814000016704085, 0.00025048099996638484, 0.0002597619995867717, 0.00024503100030415226, 0.00023221199990075547, 0.00023351099980573053, 0.00024759400002949405]",0.00024786700009826745,0.00024003600026389904,0.0002566797498957385
halton,normal,10,256,gpu,0,2fa04c743a233e899a3588ba2e248de39c1857c395f5f946016d19647d3cf3d7,0.9047262869999031,0.0005670430000463966,"[0.0002667119997568079, 0.0002807050000228628, 0.0002586989999144862, 0.0002523220000512083, 0.00024371700010306085, 0.00024245099984909757, 0.0002472989999660058, 0.00024339099991266266, 0.00023381600021821214, 0.00024021100034588017]",0.0002455080000345333,0.00024268599986498884,0.0002571047499486667
halton,normal,10,256,cpu,1,2fa04c743a233e899a3588ba2e248de39c1857c395f5f946016d19647d3cf3d7,0.9047262869999031,0.000316569000005984,"[0.00013600800002677715, 0.00012736400003632298, 0.00017172100024254178, 0.00014653600010205992, 0.00014398299981621676, 0.00014317600016511278, 0.00013399300041783135, 0.00013350300014280947, 0.00013302099978318438, 0.0001316749999205058]",0.00013500050022230425,0.00013314149987309065,0.00014378124990344077
halton,normal,10,512,cpu,0,8fce8c6e0ab93076d337072f61a8dd0f89155d840c176a3da1f6e650def0ca4c,0.903802455999994,0.00048809999998411513,"[0.00027596500012805336, 0.0002693649998946057, 0.0002602790000310051, 0.0002974770000037097, 0.00027444299985290854, 0.0002555999999458436, 0.0002542699999139586, 0.00027798799965239596, 0.00025301499999841326, 0.0002448980003464385]",0.0002648219999628054,0.00025460249992192985,0.00027558450005926716
halton,normal,10,512,gpu,1,8fce8c6e0ab93076d337072f61a8dd0f89155d840c176a3da1f6e650def0ca4c,0.903802455999994,0.0005957729999863659,"[0.0002812160000758013, 0.0002600279999569466, 0.00024123899993355735, 0.0002362939999329683, 0.0002565770000728662, 0.00024117000020851265, 0.00023143499993238947, 0.00023830300006011385, 0.0002856290002455353, 0.0003100070002801658]",0.0002489080000032118,0.00023901975009721355,0.0002759190000460876
halton,normal,10,2048,gpu,0,b44df5445a3f470d344b18b03f354ba26bec8a2e79b52c4965c314ca7da01275,0.9055200580000928,0.0006487149998974928,"[0.0003417140001147345, 0.00032429099974251585, 0.0003519259998938651, 0.00032322900005965494, 0.000307922000047256, 0.00034110799970221706, 0.0003280299997641123, 0.00031272599971998716, 0.0003362550000929332, 0.00031071200010046596]",0.00032616049975331407,0.0003153517498049041,0.0003398947497998961
halton,normal,10,2048,cpu,1,b44df5445a3f470d344b18b03f354ba26bec8a2e79b52c4965c314ca7da01275,0.9055200580000928,0.0012480610002967296,"[0.0009545150001031288, 0.0009132270001828147, 0.0009205900000779366, 0.0009413469997525681, 0.0010940799998024886, 0.0010821319997376122, 0.0011087180000686203, 0.001011162999930093, 0.000990081000054488, 0.000981256000159192]",0.00098566850010684,0.0009446389998402083,0.0010643897497857324
halton,normal,10,8192,cpu,0,b2061761e2c9611a67b1bbc0e9ae64ebd015283a721df271f744b85cf1a5ed97,0.9171691980000105,0.0034436410001035256,"[0.0033614429999033746, 0.0034617760002220166, 0.00339118400006555, 0.003681873000004998, 0.003394010000192793, 0.0034446120002940006, 0.0033747280003808555, 0.0032900440000958042, 0.003527188999669306, 0.003605273000175657]",0.003419311000243397,0.003378842000302029,0.003510835749807484
halton,normal,10,8192,gpu,1,b2061761e2c9611a67b1bbc0e9ae64ebd015283a721df271f744b85cf1a5ed97,0.9171691980000105,0.0008535339998161362,"[0.0004165050004303339, 0.00046850899980199756, 0.00044650199970419635, 0.0004360620000625204, 0.0004383140003483277, 0.00042219699980705627, 0.00042468799983907957, 0.00043546200004129787, 0.00044567699978870223, 0.00042453099968042807]",0.0004357620000519091,0.00042457024972009094,0.0004438362499286086
halton,normal,10,32768,gpu,0,79ab3bb814f504d217dac720283227ab1c8441fd4c286706d978a7057125b0f9,0.9483005299998695,0.0012559689998852264,"[0.0004796770003849815, 0.0005197860000407672, 0.0005273239999041834, 0.0005029250000916363, 0.0005152400003680668, 0.0005243529999461316, 0.0005509879997589451, 0.0005129159999341937, 0.0005155490002834995, 0.0005065340001237928]",0.0005153945003257832,0.000508129500076393,0.0005232112499697905
halton,normal,10,32768,cpu,1,79ab3bb814f504d217dac720283227ab1c8441fd4c286706d978a7057125b0f9,0.9483005299998695,0.013738161000219407,"[0.013235967000127857, 0.01309945200000584, 0.013274981999984448, 0.013329860999874654, 0.013134503999935987, 0.013224389999777486, 0.013060459999906016, 0.012838693000048806, 0.012928364999879705, 0.012850114999764628]",0.013116977999970914,0.012961388749886282,0.013233072750040265
halton,normal,30,128,cpu,0,f701d27e42e57f2cd49ef8046feb75d8e6a8327c71ea70ca95fdd1a5359de817,10.667754443999911,0.00023426100005963235,"[0.00011759700009861263, 0.00010642300003382843, 9.248300011677202e-05, 0.0001034380002238322, 9.104799983106204e-05, 9.210700000039651e-05, 9.116299997913302e-05, 9.13399999262765e-05, 9.396299992658896e-05, 9.225699977832846e-05]",9.236999994755024e-05,9.15317499448065e-05,0.0001010692501495214
halton,normal,30,128,gpu,1,f701d27e42e57f2cd49ef8046feb75d8e6a8327c71ea70ca95fdd1a5359de817,10.667754443999911,0.0004996070001652697,"[0.00021770700004708488, 0.00021678000030078692, 0.0002019899998231267, 0.00018559599993750453, 0.00018872100008593407, 0.0001880529998743441, 0.0001727740000205813, 0.0001897619999908784, 0.00017286299998886534, 0.0001775590003489924]",0.00018838699998013908,0.00017956825024612044,0.00019893299986506463
halton,normal,30,256,gpu,0,d09b7cf5b89e035e3ebb4cfa038fe47ab38b046022145c007ed0bb2844aa3c55,2.74600786100018,0.0005681120001099771,"[0.0002496530000826169, 0.0002687739997782046, 0.00027652900007524295, 0.00025544500022078864, 0.0002586979999250616, 0.0002460459995745623, 0.0002527439996811154, 0.00024390299995502573, 0.0002380490000177815, 0.00024586200015619397]",0.00025119849988186616,0.00024590800001078605,0.00025788474999899336
halton,normal,30,256,cpu,1,d09b7cf5b89e035e3ebb4cfa038fe47ab38b046022145c007ed0bb2844aa3c55,2.74600786100018,0.0003722269998434058,"[0.0002104449999933422, 0.00018942400038213236, 0.00017270699981963844, 0.00017382099986207322, 0.00019569100004446227, 0.00018526399981055874, 0.0001751599997987796, 0.00017504699962955783, 0.00016438200009361026, 0.00016251199986072606]",0.00017510349971416872,0.00017298549983024714,0.00018838400023923896
halton,normal,30,512,cpu,0,4a7137032407bfa41c56e2f75ee2f5c3b1940ab7f67f16bd3f03dd8fb8b154a0,2.6983018939999965,0.0006709039998895605,"[0.0004122279997318401, 0.00036807400010729907, 0.0003397909999875992, 0.00037541499978033244, 0.00036112599991611205, 0.00037080399988553836, 0.00035493099994710064, 0.00034912499995698454, 0.0003417249999984051, 0.000333807000060915]",0.00035802849993160635,0.00034357499998804997,0.00037012149994097854
halton,normal,30,512,gpu,1,4a7137032407bfa41c56e2f75ee2f5c3b1940ab7f67f16bd3f03dd8fb8b154a0,2.6983018939999965,0.0007134980000955693,"[0.00021241600006760564, 0.00026535999995758175, 0.0002390499998909945, 0.00021924900011072168, 0.00020135499971729587, 0.00019592299986470607, 0.00023580900005981675, 0.00022462199967776542, 0.00022058800004742807, 0.000233569000101852]",0.00022260499986259674,0.00021412425007838465,0.00023524900007032556
halton,normal,30,2048,gpu,0,df3b67fac21384e3c4628a6bc3ce52dbc9246d803304c3d30c49e4a6ad822f0a,2.7054649040001095,0.0005853830002706673,"[0.00028410899994923966, 0.00031723000029160175, 0.0003690580001602939, 0.0003044489999410871, 0.0002925049998339091, 0.0002884450000237848, 0.0002839680000761291, 0.0002982420000989805, 0.00028777599982277025, 0.0002757860002020607]",0.00029047499992884696,0.0002850257499176223,0.00030289724998056045
halton,normal,30,2048,cpu,1,df3b67fac21384e3c4628a6bc3ce52dbc9246d803304c3d30c49e4a6ad822f0a,2.7054649040001095,0.0014022220002516406,"[0.0011601149999478366, 0.0012062539999533328, 0.0010511190002944204, 0.0011008930000571127, 0.001126642000144784, 0.0010560939999777474, 0.001155327000105899, 0.0010558060002949787, 0.0011274660000708536, 0.0011444420001680555]",0.0011270540001078189,0.0010672937499975887,0.0011526057501214382
halton,normal,30,8192,cpu,0,5fcd15008bddf5c129de4fd12aa03208ddba0c46997625d79c6e859bfa49208e,2.693786442000146,0.003935137000098621,"[0.0037047460000394494, 0.003922401999716385, 0.0036263060001147096, 0.0035150059998159122, 0.003745611999875109, 0.0034773369998220005, 0.003745116000118287, 0.0034537400001681817, 0.003819960999862815, 0.003554716000053304]",0.0036655260000770795,0.00352493349987526,0.0037454879999359036
halton,normal,30,8192,gpu,1,5fcd15008bddf5c129de4fd12aa03208ddba0c46997625d79c6e859bfa49208e,2.693786442000146,0.000768390000303043,"[0.0003306739999970887, 0.0003669709999485349, 0.0003537780003171065, 0.0003426080002100207, 0.0003322269999443961, 0.00033541099992362433, 0.00033074800012400374, 0.00033251900003961055, 0.00033551699971212656, 0.00032957700022961944]",0.00033396499998161744,0.0003311177500791018,0.00034083525008554716
halton,normal,30,32768,gpu,0,bd07997e060a800549d4e3dfe04f14c7b874c72ea8423871c8c8a959d3df6e13,2.812763874000211,0.0010101610000674555,"[0.00045156000032875454, 0.0004992399999537156, 0.0004805389999091858, 0.0004757429996971041, 0.00046633300007670186, 0.0004787450002368132, 0.00046734199986531166, 0.0004544090002127632, 0.00045567100005428074, 0.00044104500011599157]",0.00046683749997100676,0.0004547245001731426,0.00047799450010188593
halton,normal,30,32768,cpu,1,bd07997e060a800549d4e3dfe04f14c7b874c72ea8423871c8c8a959d3df6e13,2.812763874000211,0.0149895539998397,"[0.014605755000047793, 0.013737154999944323, 0.014438265000080719, 0.014477003000138211, 0.013476861000071949, 0.014259108000260312, 0.014017686999977741, 0.014171003000228666, 0.013964270000087708, 0.014067359999899054]",0.01411918150006386,0.013977624250060217,0.014393475750125617
halton,normal,60,128,cpu,0,77dcca854db5e88996624b90eab253fe1c4f9a0b6260404eba9d964ddbf81d71,15.317394598000192,0.0003323419996377197,"[0.00014146900002742768, 0.00012687000025835005, 0.00012226799981363, 0.00012100399999326328, 0.00014398499979506596, 0.00012496599993028212, 0.00011926199977096985, 0.00011986600020463811, 0.00012718899961328134, 0.00012238899989824858]",0.00012367749991426535,0.00012131999994835496,0.00012710924977454852
halton,normal,60,128,gpu,1,77dcca854db5e88996624b90eab253fe1c4f9a0b6260404eba9d964ddbf81d71,15.317394598000192,0.0003951700000470737,"[0.0001575749997755338, 0.00017597599980945233, 0.0001652579999245063, 0.00016575000017837738, 0.00018421899994791602, 0.00016922800023166928, 0.00020150399996055057, 0.00016853700026331353, 0.0001758620001055533, 0.00019086100019194419]",0.0001725450001686113,0.00016644675019961142,0.0001821582499133001
halton,normal,60,256,gpu,0,654035730b68b81ac25a52dfdefc88bc073fff5404540c885f8ed426e5154085,5.363173889000336,0.0007002420002208964,"[0.0001988240001082886, 0.00021577799998340197, 0.00019801500002358807, 0.0001865619997261092, 0.00018173200032833847, 0.00017341200009468594, 0.00019758999997065985, 0.0001790369997252128, 0.00018043499994746526, 0.0001706739999463025]",0.00018414700002722384,0.00017938649978077592,0.00019790875001035602
halton,normal,60,256,cpu,1,654035730b68b81ac25a52dfdefc88bc073fff5404540c885f8ed426e5154085,5.363173889000336,0.0004889150000053633,"[0.00032112999997480074, 0.000316901999667607, 0.0003630920000432525, 0.0003168979997099086, 0.00032106100024975603, 0.00034434600001986837, 0.00032283100017593824, 0.00030141300021568895, 0.0003119500001957931, 0.00029589399991891696]",0.0003189814999586815,0.000313187000074322,0.00032240575012565387
halton,normal,60,512,cpu,0,aa7e6c595545d3fdc17618590d05e33cd39711a542b5a91054dc4b162c55bdc3,5.83810371599975,0.0007752060000711936,"[0.0005801329998575966, 0.0005543029997170379, 0.000561777999791957, 0.0005483169998115045, 0.000527624000369542, 0.0004976029999852472, 0.0005065850000391947, 0.0004878400000052352, 0.0005025120003665506, 0.00048693600001570303]",0.0005171045002043684,0.000498830250080573,0.0005528064997406545
halton,normal,60,512,gpu,1,aa7e6c595545d3fdc17618590d05e33cd39711a542b5a91054dc4b162c55bdc3,5.83810371599975,0.0005162620000191964,"[0.00020678500004578382, 0.0002449270000397519, 0.00022971899988988298, 0.00024609299998701317, 0.00022066200017434312, 0.00022409199982575956, 0.00022149500000523403, 0.00023315799990086816, 0.0002202919999945152, 0.00021662900007868302]",0.0002227934999154968,0.0002203845000394722,0.00023229824989812187
halton,normal,60,2048,gpu,0,838fcdd2ce8a41ae55d13fac82f2cdedb19855912e6ceecf04e56c17c2152058,5.58583330700003,0.0005536549997486873,"[0.00027370799989512307, 0.00029831300025762175, 0.00027053400026488816, 0.0002588560000731377, 0.0002527229999031988, 0.00026706700009526685, 0.0002500539999346074, 0.0002625170000101207, 0.0002766590000646829, 0.00025484600018899073]",0.00026479200005269377,0.00025584850016002747,0.00027291449998756434
halton,normal,60,2048,cpu,1,838fcdd2ce8a41ae55d13fac82f2cdedb19855912e6ceecf04e56c17c2152058,5.58583330700003,0.0015543609997621388,"[0.0013564769997174153, 0.001342016999842599, 0.0013929849997111887, 0.0013953610000498884, 0.0013707690000046568, 0.0013029140000071493, 0.0013607900000351947, 0.0014665530002275773, 0.0013776270002381352, 0.0013016079997214547]",0.0013657795000199258,0.001345631999811303,0.0013891454998429253
halton,normal,60,8192,cpu,0,22b6e77ae99f673c076ba2eff6e185d49c42a9f76f6e2a8f0d42d698af41850e,5.6693606380003985,0.004561415999887686,"[0.004627308000181074, 0.004462383999907615, 0.004568941999878007, 0.004166809999787802, 0.004031631000088964, 0.004526287999851775, 0.0047543600003336906, 0.004509284000050684, 0.004638728000372794, 0.004482257999825379]",0.004517785999951229,0.004467352499887056,0.004612716500105307
halton,normal,60,8192,gpu,1,22b6e77ae99f673c076ba2eff6e185d49c42a9f76f6e2a8f0d42d698af41850e,5.6693606380003985,0.0006406299999071052,"[0.0002913770003942773, 0.0003200480000487005, 0.0003043950000574114, 0.00029346200017243973, 0.00030578200039599324, 0.0003026819999831787, 0.00029688999984500697, 0.0002974959998027771, 0.00031818100023883744, 0.00029457299979185336]",0.0003000889998929779,0.00029515224980514176,0.00030543525031134777
halton,normal,60,32768,gpu,0,ecfe9249ca1575c6bb918f3e6e4b7da5c8017f2c4a73665c9f89a66eaff60d8f,5.832294223999725,0.0005236300003161887,"[0.000419909999891388, 0.00048304800020559924, 0.0004708480000772397, 0.00046213299992814427, 0.000449251999725675, 0.000446905999979208, 0.00047265800003515324, 0.0004555500004244095, 0.0004502150000007532, 0.0004533269998319156]",0.00045443850012816256,0.00044949274979444453,0.00046866925003996585
halton,normal,60,32768,cpu,1,ecfe9249ca1575c6bb918f3e6e4b7da5c8017f2c4a73665c9f89a66eaff60d8f,5.832294223999725,0.019250789000125224,"[0.018201359000158845, 0.01817121900012353, 0.01776610700017045, 0.01825269400023899, 0.018026121000275452, 0.01752223600033176, 0.01772693300017636, 0.017901994999647286, 0.017734987000039837, 0.015764535000016622]",0.017834050999908868,0.01772894650014223,0.01813494450016151
